method,full_mean,ci_low,ci_high,p,low,mid,high
classical,0.0001361834597060166,-0.052335144595228436,0.049505577143222214,0.99,-0.03252381601340026,-0.006236585468833664,0.027479872061543658
shrink,0.006597630470873173,-0.05379624225542729,0.06878588726246125,0.8268,-0.02233735223663953,0.04859311844706707,0.01503553649090878
bootstrap,0.0027986959160780905,-0.04444474656824286,0.050345060432469675,0.9044,0.05726100655335158,-0.006786600831389146,-0.017868869024851547
parametric,-0.006196102300490262,-0.028837270693487835,0.015917650659550437,1.4144,-0.0017625171468995976,-0.038156460879419,0.001951412040871742
1N,-0.019950008064459554,-0.18453720437382562,0.14539350647017732,1.2008,0.4401855910765944,-0.15202883403350614,-0.1005717435868286
