B,S,mean,ci_low,ci_high,p
100,50,-0.017203722020905247,-0.17847978348727256,0.14851874050694128,1.1866666666666668
300,100,-0.016016587667558115,-0.17752959756814138,0.14952970969824797,1.1746666666666667
500,200,-0.020728978624159775,-0.1822734353706875,0.14606893047852132,1.212
1000,500,-0.016457825923891577,-0.17780948977272423,0.14951628375623,1.1793333333333333
