tc,unified_net_sharpe
0.0001,0.5502591753052438
0.0005,0.5043059466779334
0.001,0.446544245834072
