window,low,mid,high
21,0.4210478129820539,-0.031155738036987242,-0.13392575149858757
63,0.4441257080808858,-0.1521668534780822,-0.09956583563701905
126,0.10031919147265564,-0.14335767748043057,-0.002908019404835879
