ablation,mean,ci_low,ci_high,p
drop_shrink,-0.005186635530449693,-0.03889598376540634,0.027438545680299166,1.24
drop_bootstrap,-0.0002777104098353882,-0.023161357710970977,0.023043608835967934,1.0326666666666666
drop_param,0.0014066581688463805,-0.010185598139636117,0.013616725467720985,0.8306666666666667
