method,full_mean,ci_low,ci_high,p,low,mid,high,p_uncapped,p_corrected,point_estimate
classical,0.000136183459706,-0.0523351445952284,0.0495055771432222,0.99,-0.0325238160134002,-0.0062365854688336,0.0274798720615436,0.99,0.99,0.000136183459706
shrink,0.0065976304708731,-0.0537962422554272,0.0687858872624612,0.8268,-0.0223373522366395,0.048593118447067,0.0150355364909087,0.8268,0.8268,0.0065976304708731
bootstrap,0.002798695916078,-0.0444447465682428,0.0503450604324696,0.9044,0.0572610065533515,-0.0067866008313891,-0.0178688690248515,0.9044,0.9044,0.002798695916078
parametric,-0.0061961023004902,-0.0288372706934878,0.0159176506595504,1.4144,-0.0017625171468995,-0.038156460879419,0.0019514120408717,1.4144,0.5855999999999999,-0.0061961023004902
1N,-0.0199500080644595,-0.1845372043738256,0.1453935064701773,1.2008,0.4401855910765944,-0.1520288340335061,-0.1005717435868286,1.2008,0.7991999999999999,-0.0199500080644595
