classical,shrink,bootstrap,parametric,unified,1N
0.1371588113020754,0.13392743166815624,0.08718750344620917,0.09962950705564194,0.10458946945968293,0.0
